Company,First Name,Last Name,Email
Cisco,Juan,Corral,jucorral@cisco.com
Cisco,Luis,Garcia,luisga@cisco.com
Cisco,Sebastian,Hernandez,sebherna@cisco.com
Netsync Network Solutions,Mark,Chambliss,mchambliss@netsync.com
Bank OZK,Michael,Dunn,michael.l.dunn@ozk.com
Dynamix Group,Jeremy,Combs,jeremycombs@dynamixgroup.com
Acuative,Saiyed Anjum,Bukhari,sbukhari@acuative.com
ePlus,Fred,Nielsen,fnielsen@eplus.com
NFM,Johnathan,Devereux,johnathan.devereux@nfm.com
Killeen ISD,Diana,Aguina,aguina.diana@gmail.com
Netsync,Kristian,Martell,kmartell@netsync.com
T-Mobile,Chris,Canavan,chris.canavan@t-mobile.com
"solutions4networks, Inc.",Christopher,Bomba,cbomba@s4nets.com
Flair Data Systems,Demetrius,Harris,dharris@flairdata.com
Insight Enterprises,Josh,Mejia,josh.mejia@insight.com
Workflow Concepts,Kristen,Christopher,kristenc@workflowconcepts.com
Netsync,Angel,Shtarbov,ashtarbov@netsync.com
LOGIS,James,Mertz,jmertz@logismn.gov
"TBL Networks, Inc.",David,Cantwell,dcantwell@tblnetworks.com
USI,Duy,Nguyen,mike.nguyen@usi.com
Sunset Learning,Jed,Demeule,jdemeule@sunsetlearning.com
TDC Erhverv,Carsten,Lassen,chl@tdc.dk
Chartwell,Amr,Ismail,aismail@chartwell.com
ePlus,Sean,Gustafson,sean.gustafson@eplus.com
Netsync,Bryan,Geoghan,bgeoghan@netsync.com
Sound (aka Sound Behavioral Health),Guy,Delisi,guy.delisi@sound.health
Carrier Access IT,Keith,Bowe,kbowe@carrieraccessit.com
WORLDPAC,Kevin,Cranford,kevinc@worldpac.com
CDK Global,Tim,Frazee,timothy.frazee@cdk.com
ePlus Technology,Magdalena,Liew,mliew@eplus.com
Sanford Health,Andrew,Siemonsma,andrew.siemonsma@sanfordhealth.org
Sanford Health,Rich,White,rich.white@sanfordhealth.org
Bank OZK,Malick,Alvi,malick.alvi@ozk.com